[
  {
    "fullVisitorId": "5710379250208908569",
    "date": "20170731",
    "products_viewed": [
      "Google Women's Lightweight Microfleece Jacket",
      "Google Snapback Hat Black"
    ],
    "pages_viewed": [
      "Google Snapback Hat Black",
      "Google RFID Journal"
    ]
  },
  {
    "fullVisitorId": "5710379250208908569",
    "date": "20170801",
    "products_viewed": [
      "Android Rise 14 oz Mug",
      "Android Rise 14 oz Mug",
      "Badge Holder",
      "Ballpoint LED Light Pen",
      "Google Twill Cap",
      "Windup Android",
      "Google Bib White",
      "Android Luggage Tag",
      "8 pc Android Sticker Sheet",
      "Android Sticker Sheet Ultra Removable",
      "Android Hard Cover Journal",
      "Android 17oz Stainless Steel Sport Bottle",
      "Rocket Flashlight",
      "Rubber Grip Ballpoint Pen 4 Pack",
      "Recycled Mouse Pad",
      "Switch Tone Color Crayon Pen",
      "Google Doodle Decal",
      "YouTube Twill Cap",
      "Google 5-Panel Snapback Cap",
      "Android 17oz Stainless Steel Sport Bottle",
      "Android RFID Journal",
      "Plastic Sliding Flashlight",
      "YouTube Custom Decals",
      "Android Sticker Sheet Ultra Removable",
      "Google 5-Panel Cap",
      "Android RFID Journal",
      "Maze Pen",
      "Waze Pack of 9 Decal Set",
      "Keyboard DOT Sticker",
      "Google Stylus Pen w/ LED Light",
      "1 oz Hand Sanitizer",
      "Switch Tone Color Crayon Pen",
      "Google Sunglasses",
      "Google Device Stand",
      "Google Men's 100% Cotton Short Sleeve Hero Tee White",
      "8 pc Android Sticker Sheet",
      "Galaxy Screen Cleaning Cloth",
      "1 oz Hand Sanitizer",
      "Google Kick Ball",
      "Android Sticker Sheet Ultra Removable",
      "Android Twill Cap",
      "Android RFID Journal",
      "Google Flashlight",
      "Google Bib Red",
      "Seat Pack Organizer",
      "Plastic Sliding Flashlight",
      "Keyboard DOT Sticker",
      "Keyboard DOT Sticker",
      "Galaxy Screen Cleaning Cloth",
      "Switch Tone Color Crayon Pen",
      "Google 2200mAh Micro Charger",
      "Gunmetal Roller Ball Pen",
      "Google Device Stand",
      "Android Wool Heather Cap Heather/Black",
      "Recycled Mouse Pad",
      "1 oz Hand Sanitizer",
      "Google Car Clip Phone Holder",
      "Android Hard Cover Journal",
      "Windup Android",
      "Metal Texture Roller Pen",
      "Waze Pack of 9 Decal Set",
      "Google Men's 100% Cotton Short Sleeve Hero Tee White",
      "Android Wool Heather Cap Heather/Black",
      "Switch Tone Color Crayon Pen",
      "Colored Pencil Set",
      "Android Hard Cover Journal",
      "Google Blackout Cap",
      "Seat Pack Organizer",
      "Rocket Flashlight",
      "Electronics Accessory Pouch",
      "Waze Dress Socks",
      "Ballpoint Stylus Pen",
      "Android Lunch Kit",
      "Android Lunch Kit",
      "Suitcase Organizer Cubes",
      "SPF-15 Slim & Slender Lip Balm",
      "Google Flashlight",
      "Android Wool Heather Cap Heather/Black",
      "Android Lunch Kit",
      "Google Doodle Decal",
      "Android Sticker Sheet Ultra Removable",
      "Four Color Retractable Pen",
      "Pen Pencil & Highlighter Set",
      "Suitcase Organizer Cubes",
      "Google Laptop and Cell Phone Stickers",
      "Android Sticker Sheet Ultra Removable",
      "Android Hard Cover Journal",
      "Basecamp Explorer Powerbank Flashlight",
      "Android RFID Journal",
      "Micro Wireless Earbud",
      "Satin Black Ballpoint Pen",
      "Windup Android",
      "Windup Android",
      "Compact Selfie Stick",
      "Android Luggage Tag",
      "Google Luggage Tag",
      "Google Men's 100% Cotton Short Sleeve Hero Tee White",
      "YouTube Custom Decals",
      "Suitcase Organizer Cubes",
      "22 oz Android Bottle",
      "Basecamp Explorer Powerbank Flashlight",
      "Seat Pack Organizer",
      "Google 4400mAh Power Bank",
      "Google Device Holder Sticky Pad",
      "Android Luggage Tag",
      "8 pc Android Sticker Sheet",
      "Google Laptop and Cell Phone Stickers",
      "22 oz Android Bottle",
      "Google Snapback Hat Black"
    ],
    "pages_viewed": [
      "Shop by Brand | Google Merchandise Store",
      "Shop by Brand | Google Merchandise Store",
      "Other | Office | Google Merchandise Store",
      "Writing Instruments | Office | Google Merchandise Store",
      "Apparel | Google Merchandise Store",
      "Shop by Brand | Google Merchandise Store",
      "Apparel | Google Merchandise Store",
      "Shop by Brand | Google Merchandise Store",
      "Office | Google Merchandise Store",
      "Office | Google Merchandise Store",
      "Shop by Brand | Google Merchandise Store",
      "Shop by Brand | Google Merchandise Store",
      "Electronics | Google Merchandise Store",
      "Writing Instruments | Office | Google Merchandise Store",
      "Other | Office | Google Merchandise Store",
      "Office | Google Merchandise Store",
      "Office | Google Merchandise Store",
      "Apparel | Google Merchandise Store",
      "Apparel | Google Merchandise Store",
      "Shop by Brand | Google Merchandise Store",
      "Office | Google Merchandise Store",
      "Accessories | Google Merchandise Store",
      "Office | Google Merchandise Store",
      "Shop by Brand | Google Merchandise Store",
      "Apparel | Google Merchandise Store",
      "Office | Google Merchandise Store",
      "Writing Instruments | Office | Google Merchandise Store",
      "Shop by Brand | Google Merchandise Store",
      "Electronics | Google Merchandise Store",
      "Writing Instruments | Office | Google Merchandise Store",
      "Office | Google Merchandise Store",
      "Writing Instruments | Office | Google Merchandise Store",
      "Fun | Accessories | Google Merchandise Store",
      "Accessories | Google Merchandise Store",
      "Shop by Brand | Google Merchandise Store",
      "Accessories | Google Merchandise Store",
      "Accessories | Google Merchandise Store",
      "Fun | Accessories | Google Merchandise Store",
      "Fun | Accessories | Google Merchandise Store",
      "Accessories | Google Merchandise Store",
      "Apparel | Google Merchandise Store",
      "Shop by Brand | Google Merchandise Store",
      "Accessories | Google Merchandise Store",
      "Apparel | Google Merchandise Store",
      "Fun | Accessories | Google Merchandise Store",
      "Electronics | Google Merchandise Store",
      "Office | Google Merchandise Store",
      "Office | Google Merchandise Store",
      "Other | Office | Google Merchandise Store",
      "Office | Google Merchandise Store",
      "Electronics | Google Merchandise Store",
      "Writing Instruments | Office | Google Merchandise Store",
      "Electronics | Google Merchandise Store",
      "Apparel | Google Merchandise Store",
      "Accessories | Google Merchandise Store",
      "Office | Google Merchandise Store",
      "Electronics | Google Merchandise Store",
      "Office | Google Merchandise Store",
      "Accessories | Google Merchandise Store",
      "Writing Instruments | Office | Google Merchandise Store",
      "Shop by Brand | Google Merchandise Store",
      "Shop by Brand | Google Merchandise Store",
      "Shop by Brand | Google Merchandise Store",
      "Fun | Accessories | Google Merchandise Store",
      "Writing Instruments | Office | Google Merchandise Store",
      "Office | Google Merchandise Store",
      "Apparel | Google Merchandise Store",
      "Office | Google Merchandise Store",
      "Accessories | Google Merchandise Store",
      "Electronics | Google Merchandise Store",
      "Apparel | Google Merchandise Store",
      "Writing Instruments | Office | Google Merchandise Store",
      "Accessories | Google Merchandise Store",
      "Shop by Brand | Google Merchandise Store",
      "Fun | Accessories | Google Merchandise Store",
      "Fun | Accessories | Google Merchandise Store",
      "Electronics | Google Merchandise Store",
      "Shop by Brand | Google Merchandise Store",
      "Shop by Brand | Google Merchandise Store",
      "Office | Google Merchandise Store",
      "Shop by Brand | Google Merchandise Store",
      "Writing Instruments | Office | Google Merchandise Store",
      "Writing Instruments | Office | Google Merchandise Store",
      "Office | Google Merchandise Store",
      "Office | Google Merchandise Store",
      "Office | Google Merchandise Store",
      "Shop by Brand | Google Merchandise Store",
      "Electronics | Google Merchandise Store",
      "Shop by Brand | Google Merchandise Store",
      "Electronics | Google Merchandise Store",
      "Writing Instruments | Office | Google Merchandise Store",
      "Shop by Brand | Google Merchandise Store",
      "Fun | Accessories | Google Merchandise Store",
      "Accessories | Google Merchandise Store",
      "Fun | Accessories | Google Merchandise Store",
      "Fun | Accessories | Google Merchandise Store",
      "Apparel | Google Merchandise Store",
      "Office | Google Merchandise Store",
      "Office | Google Merchandise Store",
      "Shop by Brand | Google Merchandise Store",
      "Accessories | Google Merchandise Store",
      "Office | Google Merchandise Store",
      "Electronics | Google Merchandise Store",
      "Electronics | Google Merchandise Store",
      "Shop by Brand | Google Merchandise Store",
      "Office | Google Merchandise Store",
      "Office | Google Merchandise Store",
      "Shop by Brand | Google Merchandise Store",
      "Apparel | Google Merchandise Store"
    ]
  }
]